seq_id,start,end,gc%
random_seq_1,0,100,51.0
random_seq_1,10,110,53.0
random_seq_1,20,120,53.0
random_seq_1,30,130,55.0
random_seq_1,40,140,57.0
random_seq_1,50,150,55.0
random_seq_1,60,160,57.0
random_seq_1,70,170,57.0
random_seq_1,80,180,58.0
random_seq_1,90,190,60.0
random_seq_1,100,200,58.0
random_seq_1,110,210,56.0
random_seq_1,120,220,54.0
random_seq_1,130,230,53.0
random_seq_1,140,240,52.0
random_seq_1,150,250,52.0
random_seq_1,160,260,49.0
random_seq_1,170,270,45.0
random_seq_1,180,280,42.0
random_seq_1,190,290,40.0
random_seq_1,200,300,41.0
random_seq_1,210,310,42.0
random_seq_1,220,320,47.0
random_seq_1,230,330,46.0
random_seq_1,240,340,47.0
random_seq_1,250,350,47.0
random_seq_1,260,360,48.0
random_seq_1,270,370,50.0
random_seq_1,280,380,49.0
random_seq_1,290,390,49.0
random_seq_1,300,400,51.0
random_seq_1,310,410,51.0
random_seq_1,320,420,49.0
random_seq_1,330,430,49.0
random_seq_1,340,440,49.0
random_seq_1,350,450,49.0
random_seq_1,360,460,49.0
random_seq_1,370,470,47.0
random_seq_1,380,480,50.0
random_seq_1,390,490,52.0
random_seq_1,400,500,49.0
random_seq_1,410,510,47.0
random_seq_1,420,520,48.0
random_seq_1,430,530,51.0
random_seq_1,440,540,50.0
random_seq_1,450,550,51.0
random_seq_1,460,560,52.0
random_seq_1,470,570,54.0
random_seq_1,480,580,56.0
random_seq_1,490,590,57.0
random_seq_1,500,600,58.0
random_seq_1,510,610,61.0
random_seq_1,520,620,59.0
random_seq_1,530,630,54.0
random_seq_1,540,640,55.0
random_seq_1,550,650,55.0
random_seq_1,560,660,56.0
random_seq_1,570,670,53.0
random_seq_1,580,680,48.0
random_seq_1,590,690,44.0
random_seq_1,600,700,47.0
random_seq_1,610,710,47.0
random_seq_1,620,720,48.0
random_seq_1,630,730,50.0
random_seq_1,640,740,52.0
random_seq_1,650,750,54.0
random_seq_1,660,760,52.0
random_seq_1,670,770,53.0
random_seq_1,680,780,54.0
random_seq_1,690,790,56.0
random_seq_1,700,800,54.0
random_seq_1,710,810,51.0
random_seq_1,720,820,52.0
random_seq_1,730,830,51.0
random_seq_1,740,840,46.0
random_seq_1,750,850,42.0
random_seq_1,760,860,42.0
random_seq_1,770,870,44.0
random_seq_1,780,880,45.0
random_seq_1,790,890,43.0
random_seq_1,800,900,44.0
random_seq_1,810,910,45.0
random_seq_1,820,920,45.0
random_seq_1,830,930,45.0
random_seq_1,840,940,45.0
random_seq_1,850,950,46.0
random_seq_1,860,960,46.0
random_seq_1,870,970,44.0
random_seq_1,880,980,44.0
random_seq_1,890,990,45.0
random_seq_1,900,1000,43.0
random_seq_1,910,1010,45.0
random_seq_1,920,1020,41.0
random_seq_1,930,1030,44.0
random_seq_1,940,1040,47.0
random_seq_1,950,1050,45.0
random_seq_1,960,1060,43.0
random_seq_1,970,1070,45.0
random_seq_1,980,1080,44.0
random_seq_1,990,1090,46.0
random_seq_1,1000,1100,47.0
random_seq_1,1010,1110,46.0
random_seq_1,1020,1120,52.0
random_seq_1,1030,1130,51.0
random_seq_1,1040,1140,52.0
random_seq_1,1050,1150,51.0
random_seq_1,1060,1160,55.0
random_seq_1,1070,1170,52.0
random_seq_1,1080,1180,57.0
random_seq_1,1090,1190,57.0
random_seq_1,1100,1200,53.0
random_seq_1,1110,1210,51.0
random_seq_1,1120,1220,48.0
random_seq_1,1130,1230,49.0
random_seq_1,1140,1240,48.0
random_seq_1,1150,1250,52.0
random_seq_1,1160,1260,50.0
random_seq_1,1170,1270,56.0
random_seq_1,1180,1280,51.0
random_seq_1,1190,1290,50.0
random_seq_1,1200,1300,54.0
random_seq_1,1210,1310,58.0
random_seq_1,1220,1320,57.0
random_seq_1,1230,1330,57.0
random_seq_1,1240,1340,54.0
random_seq_1,1250,1350,52.0
random_seq_1,1260,1360,51.0
random_seq_1,1270,1370,49.0
random_seq_1,1280,1380,49.0
random_seq_1,1290,1390,47.0
random_seq_1,1300,1400,44.0
random_seq_1,1310,1410,42.0
random_seq_1,1320,1420,44.0
random_seq_1,1330,1430,42.0
random_seq_1,1340,1440,42.0
random_seq_1,1350,1450,42.0
random_seq_1,1360,1460,45.0
random_seq_1,1370,1470,45.0
random_seq_1,1380,1480,44.0
random_seq_1,1390,1490,47.0
random_seq_1,1400,1500,49.0
random_seq_1,1410,1510,48.0
random_seq_1,1420,1520,46.0
random_seq_1,1430,1530,48.0
random_seq_1,1440,1540,51.0
random_seq_1,1450,1550,50.0
random_seq_1,1460,1560,48.0
random_seq_1,1470,1570,45.0
random_seq_1,1480,1580,49.0
random_seq_1,1490,1590,48.0
random_seq_1,1500,1600,50.0
random_seq_1,1510,1610,51.0
random_seq_1,1520,1620,52.0
random_seq_1,1530,1630,51.0
random_seq_1,1540,1640,49.0
random_seq_1,1550,1650,54.0
random_seq_1,1560,1660,54.0
random_seq_1,1570,1670,57.0
random_seq_1,1580,1680,56.0
random_seq_1,1590,1690,53.0
random_seq_1,1600,1700,50.0
random_seq_1,1610,1710,49.0
random_seq_1,1620,1720,49.0
random_seq_1,1630,1730,48.0
random_seq_1,1640,1740,48.0
random_seq_1,1650,1750,48.0
random_seq_1,1660,1760,49.0
random_seq_1,1670,1770,47.0
random_seq_1,1680,1780,46.0
random_seq_1,1690,1790,50.0
random_seq_1,1700,1800,53.0
random_seq_1,1710,1810,52.0
random_seq_1,1720,1820,52.0
random_seq_1,1730,1830,54.0
random_seq_1,1740,1840,54.0
random_seq_1,1750,1850,50.0
random_seq_1,1760,1860,48.0
random_seq_1,1770,1870,49.0
random_seq_1,1780,1880,49.0
random_seq_1,1790,1890,48.0
random_seq_1,1800,1900,44.0
random_seq_1,1810,1910,47.0
random_seq_1,1820,1920,51.0
random_seq_1,1830,1930,51.0
random_seq_1,1840,1940,49.0
random_seq_1,1850,1950,51.0
random_seq_1,1860,1960,50.0
random_seq_1,1870,1970,53.0
random_seq_1,1880,1980,51.0
random_seq_1,1890,1990,53.0
random_seq_1,1900,2000,53.0
random_seq_1,1910,2010,54.0
random_seq_1,1920,2020,50.0
random_seq_1,1930,2030,51.0
random_seq_1,1940,2040,54.0
random_seq_1,1950,2050,54.0
random_seq_1,1960,2060,53.0
random_seq_1,1970,2070,54.0
random_seq_1,1980,2080,57.0
random_seq_1,1990,2090,53.0
random_seq_1,2000,2100,54.0
random_seq_1,2010,2110,53.0
random_seq_1,2020,2120,54.0
random_seq_1,2030,2130,51.0
random_seq_1,2040,2140,52.0
random_seq_1,2050,2150,51.0
random_seq_1,2060,2160,57.0
random_seq_1,2070,2170,54.0
random_seq_1,2080,2180,54.0
random_seq_1,2090,2190,55.0
random_seq_1,2100,2200,55.0
random_seq_1,2110,2210,54.0
random_seq_1,2120,2220,51.0
random_seq_1,2130,2230,51.0
random_seq_1,2140,2240,49.0
random_seq_1,2150,2250,51.0
random_seq_1,2160,2260,48.0
random_seq_1,2170,2270,49.0
random_seq_1,2180,2280,47.0
random_seq_1,2190,2290,46.0
random_seq_1,2200,2300,49.0
random_seq_1,2210,2310,51.0
random_seq_1,2220,2320,51.0
random_seq_1,2230,2330,55.0
random_seq_1,2240,2340,56.0
random_seq_1,2250,2350,55.0
random_seq_1,2260,2360,57.0
random_seq_1,2270,2370,57.0
random_seq_1,2280,2380,57.0
random_seq_1,2290,2390,59.0
random_seq_1,2300,2400,58.0
random_seq_1,2310,2410,55.0
random_seq_1,2320,2420,58.0
random_seq_1,2330,2430,57.0
random_seq_1,2340,2440,58.0
random_seq_1,2350,2450,54.0
random_seq_1,2360,2460,51.0
random_seq_1,2370,2470,49.0
random_seq_1,2380,2480,49.0
random_seq_1,2390,2490,49.0
random_seq_1,2400,2500,45.0
random_seq_1,2410,2510,47.0
random_seq_1,2420,2520,45.0
random_seq_1,2430,2530,42.0
random_seq_1,2440,2540,40.0
random_seq_1,2450,2550,42.0
random_seq_1,2460,2560,45.0
random_seq_1,2470,2570,46.0
random_seq_1,2480,2580,50.0
random_seq_1,2490,2590,48.0
random_seq_1,2500,2600,51.0
random_seq_1,2510,2610,50.0
random_seq_1,2520,2620,51.0
random_seq_1,2530,2630,52.0
random_seq_1,2540,2640,52.0
random_seq_1,2550,2650,54.0
random_seq_1,2560,2660,52.0
random_seq_1,2570,2670,54.0
random_seq_1,2580,2680,53.0
random_seq_1,2590,2690,55.0
random_seq_1,2600,2700,54.0
random_seq_1,2610,2710,53.0
random_seq_1,2620,2720,53.0
random_seq_1,2630,2730,50.0
random_seq_1,2640,2740,49.0
random_seq_1,2650,2750,47.0
random_seq_1,2660,2760,44.0
random_seq_1,2670,2770,42.0
random_seq_1,2680,2780,40.0
random_seq_1,2690,2790,39.0
random_seq_1,2700,2800,41.0
random_seq_1,2710,2810,44.0
random_seq_1,2720,2820,42.0
random_seq_1,2730,2830,48.0
random_seq_1,2740,2840,53.0
random_seq_1,2750,2850,52.0
random_seq_1,2760,2860,57.0
random_seq_1,2770,2870,60.0
random_seq_1,2780,2880,64.0
random_seq_1,2790,2890,63.0
random_seq_1,2800,2900,64.0
random_seq_1,2810,2910,61.0
random_seq_1,2820,2920,66.0
random_seq_1,2830,2930,62.0
random_seq_1,2840,2940,61.0
random_seq_1,2850,2950,61.0
random_seq_1,2860,2960,59.0
random_seq_1,2870,2970,55.0
random_seq_1,2880,2980,52.0
random_seq_1,2890,2990,53.0
random_seq_1,2900,3000,50.0
random_seq_1,2910,3010,50.0
random_seq_1,2920,3020,46.0
random_seq_1,2930,3030,46.0
random_seq_1,2940,3040,44.0
random_seq_1,2950,3050,46.0
random_seq_1,2960,3060,48.0
random_seq_1,2970,3070,49.0
random_seq_1,2980,3080,49.0
random_seq_1,2990,3090,52.0
random_seq_1,3000,3100,54.0
random_seq_1,3010,3110,57.0
random_seq_1,3020,3120,60.0
random_seq_1,3030,3130,62.0
random_seq_1,3040,3140,64.0
random_seq_1,3050,3150,64.0
random_seq_1,3060,3160,61.0
random_seq_1,3070,3170,61.0
random_seq_1,3080,3180,61.0
random_seq_1,3090,3190,59.0
random_seq_1,3100,3200,56.0
random_seq_1,3110,3210,54.0
random_seq_1,3120,3220,52.0
random_seq_1,3130,3230,52.0
random_seq_1,3140,3240,52.0
random_seq_1,3150,3250,52.0
random_seq_1,3160,3260,49.0
random_seq_1,3170,3270,51.0
random_seq_1,3180,3280,50.0
random_seq_1,3190,3290,52.0
random_seq_1,3200,3300,57.0
random_seq_1,3210,3310,58.0
random_seq_1,3220,3320,56.0
random_seq_1,3230,3330,53.0
random_seq_1,3240,3340,50.0
random_seq_1,3250,3350,50.0
random_seq_1,3260,3360,54.0
random_seq_1,3270,3370,52.0
random_seq_1,3280,3380,51.0
random_seq_1,3290,3390,50.0
random_seq_1,3300,3400,44.0
random_seq_1,3310,3410,44.0
random_seq_1,3320,3420,45.0
random_seq_1,3330,3430,44.0
random_seq_1,3340,3440,44.0
random_seq_1,3350,3450,41.0
random_seq_1,3360,3460,39.0
random_seq_1,3370,3470,39.0
random_seq_1,3380,3480,36.0
random_seq_1,3390,3490,33.0
random_seq_1,3400,3500,34.0
random_seq_1,3410,3510,30.0
random_seq_1,3420,3520,31.0
random_seq_1,3430,3530,35.0
random_seq_1,3440,3540,36.0
random_seq_1,3450,3550,40.0
random_seq_1,3460,3560,42.0
random_seq_1,3470,3570,40.0
random_seq_1,3480,3580,43.0
random_seq_1,3490,3590,46.0
random_seq_1,3500,3600,48.0
random_seq_1,3510,3610,52.0
random_seq_1,3520,3620,52.0
random_seq_1,3530,3630,50.0
random_seq_1,3540,3640,51.0
random_seq_1,3550,3650,50.0
random_seq_1,3560,3660,47.0
random_seq_1,3570,3670,47.0
random_seq_1,3580,3680,50.0
random_seq_1,3590,3690,51.0
random_seq_1,3600,3700,54.0
random_seq_1,3610,3710,52.0
random_seq_1,3620,3720,52.0
random_seq_1,3630,3730,52.0
random_seq_1,3640,3740,49.0
random_seq_1,3650,3750,49.0
random_seq_1,3660,3760,50.0
random_seq_1,3670,3770,49.0
random_seq_1,3680,3780,45.0
random_seq_1,3690,3790,42.0
random_seq_1,3700,3800,42.0
random_seq_1,3710,3810,44.0
random_seq_1,3720,3820,43.0
random_seq_1,3730,3830,45.0
random_seq_1,3740,3840,47.0
random_seq_1,3750,3850,46.0
random_seq_1,3760,3860,47.0
random_seq_1,3770,3870,46.0
random_seq_1,3780,3880,46.0
random_seq_1,3790,3890,50.0
random_seq_1,3800,3900,47.0
random_seq_1,3810,3910,48.0
random_seq_1,3820,3920,50.0
random_seq_1,3830,3930,46.0
random_seq_1,3840,3940,47.0
random_seq_1,3850,3950,49.0
random_seq_1,3860,3960,49.0
random_seq_1,3870,3970,51.0
random_seq_1,3880,3980,55.0
random_seq_1,3890,3990,52.0
random_seq_1,3900,4000,51.0
random_seq_2,0,100,58.0
random_seq_2,10,110,55.0
random_seq_2,20,120,57.0
random_seq_2,30,130,57.0
random_seq_2,40,140,54.0
random_seq_2,50,150,55.0
random_seq_2,60,160,54.0
random_seq_2,70,170,55.0
random_seq_2,80,180,51.0
random_seq_2,90,190,50.0
random_seq_2,100,200,48.0
random_seq_2,110,210,50.0
random_seq_2,120,220,50.0
random_seq_2,130,230,47.0
random_seq_2,140,240,47.0
random_seq_2,150,250,49.0
random_seq_2,160,260,49.0
random_seq_2,170,270,47.0
random_seq_2,180,280,46.0
random_seq_2,190,290,48.0
random_seq_2,200,300,51.0
random_seq_2,210,310,50.0
random_seq_2,220,320,50.0
random_seq_2,230,330,51.0
random_seq_2,240,340,52.0
random_seq_2,250,350,50.0
random_seq_2,260,360,50.0
random_seq_2,270,370,49.0
random_seq_2,280,380,54.0
random_seq_2,290,390,55.0
random_seq_2,300,400,57.0
random_seq_2,310,410,58.0
random_seq_2,320,420,55.0
random_seq_2,330,430,56.0
random_seq_2,340,440,57.0
random_seq_2,350,450,55.0
random_seq_2,360,460,57.0
random_seq_2,370,470,55.0
random_seq_2,380,480,53.0
random_seq_2,390,490,48.0
random_seq_2,400,500,45.0
random_seq_2,410,510,47.0
random_seq_2,420,520,48.0
random_seq_2,430,530,47.0
random_seq_2,440,540,46.0
random_seq_2,450,550,49.0
random_seq_2,460,560,45.0
random_seq_2,470,570,49.0
random_seq_2,480,580,49.0
random_seq_2,490,590,53.0
random_seq_2,500,600,52.0
random_seq_2,510,610,50.0
random_seq_2,520,620,52.0
random_seq_2,530,630,53.0
random_seq_2,540,640,54.0
random_seq_2,550,650,53.0
random_seq_2,560,660,55.0
random_seq_2,570,670,51.0
random_seq_2,580,680,49.0
random_seq_2,590,690,49.0
random_seq_2,600,700,53.0
random_seq_2,610,710,53.0
random_seq_2,620,720,50.0
random_seq_2,630,730,50.0
random_seq_2,640,740,48.0
random_seq_2,650,750,47.0
random_seq_2,660,760,46.0
random_seq_2,670,770,50.0
random_seq_2,680,780,49.0
random_seq_2,690,790,48.0
random_seq_2,700,800,46.0
random_seq_2,710,810,45.0
random_seq_2,720,820,48.0
random_seq_2,730,830,48.0
random_seq_2,740,840,49.0
random_seq_2,750,850,50.0
random_seq_2,760,860,51.0
random_seq_2,770,870,51.0
random_seq_2,780,880,51.0
random_seq_2,790,890,53.0
random_seq_2,800,900,52.0
random_seq_2,810,910,51.0
random_seq_2,820,920,52.0
random_seq_2,830,930,49.0
random_seq_2,840,940,51.0
random_seq_2,850,950,51.0
random_seq_2,860,960,50.0
random_seq_2,870,970,48.0
random_seq_2,880,980,50.0
random_seq_2,890,990,47.0
random_seq_2,900,1000,44.0
random_seq_2,910,1010,47.0
random_seq_2,920,1020,40.0
random_seq_2,930,1030,41.0
random_seq_2,940,1040,41.0
random_seq_2,950,1050,39.0
random_seq_2,960,1060,39.0
random_seq_2,970,1070,39.0
random_seq_2,980,1080,38.0
random_seq_2,990,1090,38.0
random_seq_2,1000,1100,43.0
random_seq_2,1010,1110,44.0
random_seq_2,1020,1120,49.0
random_seq_2,1030,1130,52.0
random_seq_2,1040,1140,52.0
random_seq_2,1050,1150,54.0
random_seq_2,1060,1160,52.0
random_seq_2,1070,1170,52.0
random_seq_2,1080,1180,50.0
random_seq_2,1090,1190,52.0
random_seq_2,1100,1200,47.0
random_seq_2,1110,1210,46.0
random_seq_2,1120,1220,44.0
random_seq_2,1130,1230,43.0
random_seq_2,1140,1240,42.0
random_seq_2,1150,1250,41.0
random_seq_2,1160,1260,43.0
random_seq_2,1170,1270,40.0
random_seq_2,1180,1280,44.0
random_seq_2,1190,1290,43.0
random_seq_2,1200,1300,44.0
random_seq_2,1210,1310,43.0
random_seq_2,1220,1320,43.0
random_seq_2,1230,1330,42.0
random_seq_2,1240,1340,41.0
random_seq_2,1250,1350,44.0
random_seq_2,1260,1360,45.0
random_seq_2,1270,1370,51.0
random_seq_2,1280,1380,52.0
random_seq_2,1290,1390,53.0
random_seq_2,1300,1400,56.0
random_seq_2,1310,1410,53.0
random_seq_2,1320,1420,55.0
random_seq_2,1330,1430,57.0
random_seq_2,1340,1440,59.0
random_seq_2,1350,1450,58.0
random_seq_2,1360,1460,57.0
random_seq_2,1370,1470,53.0
random_seq_2,1380,1480,50.0
random_seq_2,1390,1490,49.0
random_seq_2,1400,1500,47.0
random_seq_2,1410,1510,49.0
random_seq_2,1420,1520,49.0
random_seq_2,1430,1530,45.0
random_seq_2,1440,1540,39.0
random_seq_2,1450,1550,41.0
random_seq_2,1460,1560,43.0
random_seq_2,1470,1570,42.0
random_seq_2,1480,1580,42.0
random_seq_2,1490,1590,42.0
random_seq_2,1500,1600,44.0
random_seq_2,1510,1610,44.0
random_seq_2,1520,1620,44.0
random_seq_2,1530,1630,44.0
random_seq_2,1540,1640,50.0
random_seq_2,1550,1650,48.0
random_seq_2,1560,1660,47.0
random_seq_2,1570,1670,48.0
random_seq_2,1580,1680,50.0
random_seq_2,1590,1690,52.0
random_seq_2,1600,1700,51.0
random_seq_2,1610,1710,51.0
random_seq_2,1620,1720,50.0
random_seq_2,1630,1730,53.0
random_seq_2,1640,1740,55.0
random_seq_2,1650,1750,56.0
random_seq_2,1660,1760,55.0
random_seq_2,1670,1770,54.0
random_seq_2,1680,1780,54.0
random_seq_2,1690,1790,50.0
random_seq_2,1700,1800,51.0
random_seq_2,1710,1810,52.0
random_seq_2,1720,1820,53.0
random_seq_2,1730,1830,55.0
random_seq_2,1740,1840,49.0
random_seq_2,1750,1850,48.0
random_seq_2,1760,1860,48.0
random_seq_2,1770,1870,51.0
random_seq_2,1780,1880,52.0
random_seq_2,1790,1890,55.0
random_seq_2,1800,1900,56.0
random_seq_2,1810,1910,56.0
random_seq_2,1820,1920,52.0
random_seq_2,1830,1930,52.0
random_seq_2,1840,1940,52.0
random_seq_2,1850,1950,52.0
random_seq_2,1860,1960,54.0
random_seq_2,1870,1970,51.0
random_seq_2,1880,1980,51.0
random_seq_2,1890,1990,50.0
random_seq_2,1900,2000,50.0
random_seq_2,1910,2010,50.0
random_seq_2,1920,2020,53.0
random_seq_2,1930,2030,50.0
random_seq_2,1940,2040,52.0
random_seq_2,1950,2050,52.0
random_seq_2,1960,2060,49.0
random_seq_2,1970,2070,50.0
random_seq_2,1980,2080,47.0
random_seq_2,1990,2090,47.0
random_seq_2,2000,2100,43.0
random_seq_2,2010,2110,42.0
random_seq_2,2020,2120,43.0
random_seq_2,2030,2130,44.0
random_seq_2,2040,2140,42.0
random_seq_2,2050,2150,40.0
random_seq_2,2060,2160,41.0
random_seq_2,2070,2170,44.0
random_seq_2,2080,2180,42.0
random_seq_2,2090,2190,42.0
random_seq_2,2100,2200,46.0
random_seq_2,2110,2210,47.0
random_seq_2,2120,2220,46.0
random_seq_2,2130,2230,48.0
random_seq_2,2140,2240,49.0
random_seq_2,2150,2250,51.0
random_seq_2,2160,2260,52.0
random_seq_2,2170,2270,51.0
random_seq_2,2180,2280,54.0
random_seq_2,2190,2290,52.0
random_seq_2,2200,2300,50.0
random_seq_2,2210,2310,48.0
random_seq_2,2220,2320,49.0
random_seq_2,2230,2330,48.0
random_seq_2,2240,2340,49.0
random_seq_2,2250,2350,47.0
random_seq_2,2260,2360,46.0
random_seq_2,2270,2370,45.0
random_seq_2,2280,2380,45.0
random_seq_2,2290,2390,45.0
random_seq_2,2300,2400,47.0
random_seq_2,2310,2410,51.0
random_seq_2,2320,2420,47.0
random_seq_2,2330,2430,44.0
random_seq_2,2340,2440,47.0
random_seq_2,2350,2450,46.0
random_seq_2,2360,2460,45.0
random_seq_2,2370,2470,45.0
random_seq_2,2380,2480,44.0
random_seq_2,2390,2490,45.0
random_seq_2,2400,2500,45.0
random_seq_2,2410,2510,44.0
random_seq_2,2420,2520,44.0
random_seq_2,2430,2530,45.0
random_seq_2,2440,2540,43.0
random_seq_2,2450,2550,47.0
random_seq_2,2460,2560,50.0
random_seq_2,2470,2570,50.0
random_seq_2,2480,2580,50.0
random_seq_2,2490,2590,51.0
random_seq_2,2500,2600,47.0
random_seq_2,2510,2610,46.0
random_seq_2,2520,2620,50.0
random_seq_2,2530,2630,50.0
random_seq_2,2540,2640,46.0
random_seq_2,2550,2650,46.0
random_seq_2,2560,2660,47.0
random_seq_2,2570,2670,48.0
random_seq_2,2580,2680,50.0
random_seq_2,2590,2690,50.0
random_seq_2,2600,2700,54.0
random_seq_2,2610,2710,52.0
random_seq_2,2620,2720,52.0
random_seq_2,2630,2730,55.0
random_seq_2,2640,2740,60.0
random_seq_2,2650,2750,60.0
random_seq_2,2660,2760,57.0
random_seq_2,2670,2770,55.0
random_seq_2,2680,2780,54.0
random_seq_2,2690,2790,55.0
random_seq_2,2700,2800,54.0
random_seq_2,2710,2810,56.0
random_seq_2,2720,2820,53.0
random_seq_2,2730,2830,53.0
random_seq_2,2740,2840,48.0
random_seq_2,2750,2850,48.0
random_seq_2,2760,2860,51.0
random_seq_2,2770,2870,54.0
random_seq_2,2780,2880,57.0
random_seq_2,2790,2890,55.0
random_seq_2,2800,2900,54.0
random_seq_2,2810,2910,54.0
random_seq_2,2820,2920,57.0
random_seq_2,2830,2930,55.0
random_seq_2,2840,2940,60.0
random_seq_2,2850,2950,59.0
random_seq_2,2860,2960,57.0
random_seq_2,2870,2970,56.0
random_seq_2,2880,2980,55.0
random_seq_2,2890,2990,56.0
random_seq_2,2900,3000,55.0
random_seq_2,2910,3010,53.0
random_seq_2,2920,3020,52.0
random_seq_2,2930,3030,52.0
random_seq_2,2940,3040,53.0
random_seq_2,2950,3050,49.0
random_seq_2,2960,3060,50.0
random_seq_2,2970,3070,50.0
random_seq_2,2980,3080,48.0
random_seq_2,2990,3090,48.0
random_seq_2,3000,3100,51.0
random_seq_2,3010,3110,52.0
random_seq_2,3020,3120,53.0
random_seq_2,3030,3130,54.0
random_seq_2,3040,3140,51.0
random_seq_2,3050,3150,56.0
random_seq_2,3060,3160,57.0
random_seq_2,3070,3170,57.0
random_seq_2,3080,3180,59.0
random_seq_2,3090,3190,59.0
random_seq_2,3100,3200,59.0
random_seq_2,3110,3210,60.0
random_seq_2,3120,3220,59.0
random_seq_2,3130,3230,57.0
random_seq_2,3140,3240,57.0
random_seq_2,3150,3250,55.0
random_seq_2,3160,3260,55.0
random_seq_2,3170,3270,57.0
random_seq_2,3180,3280,52.0
random_seq_2,3190,3290,54.0
random_seq_2,3200,3300,56.0
random_seq_2,3210,3310,56.0
random_seq_2,3220,3320,55.0
random_seq_2,3230,3330,55.0
random_seq_2,3240,3340,52.0
random_seq_2,3250,3350,53.0
random_seq_2,3260,3360,55.0
random_seq_2,3270,3370,53.0
random_seq_2,3280,3380,57.0
random_seq_2,3290,3390,57.0
random_seq_2,3300,3400,53.0
random_seq_2,3310,3410,53.0
random_seq_2,3320,3420,55.0
random_seq_2,3330,3430,56.0
random_seq_2,3340,3440,57.0
random_seq_2,3350,3450,59.0
random_seq_2,3360,3460,55.0
random_seq_2,3370,3470,55.0
random_seq_2,3380,3480,54.0
random_seq_2,3390,3490,55.0
random_seq_2,3400,3500,56.0
random_seq_2,3410,3510,54.0
random_seq_2,3420,3520,54.0
random_seq_2,3430,3530,54.0
random_seq_2,3440,3540,55.0
random_seq_2,3450,3550,50.0
random_seq_2,3460,3560,49.0
random_seq_2,3470,3570,49.0
random_seq_2,3480,3580,51.0
random_seq_2,3490,3590,48.0
random_seq_2,3500,3600,48.0
random_seq_2,3510,3610,47.0
random_seq_2,3520,3620,46.0
random_seq_2,3530,3630,46.0
random_seq_2,3540,3640,47.0
random_seq_2,3550,3650,51.0
random_seq_2,3560,3660,51.0
random_seq_2,3570,3670,48.0
random_seq_2,3580,3680,44.0
random_seq_2,3590,3690,42.0
random_seq_2,3600,3700,38.0
random_seq_2,3610,3710,39.0
random_seq_2,3620,3720,38.0
random_seq_2,3630,3730,38.0
random_seq_2,3640,3740,39.0
random_seq_2,3650,3750,40.0
random_seq_2,3660,3760,40.0
random_seq_2,3670,3770,41.0
random_seq_2,3680,3780,45.0
random_seq_2,3690,3790,45.0
random_seq_2,3700,3800,44.0
random_seq_2,3710,3810,45.0
random_seq_2,3720,3820,48.0
random_seq_2,3730,3830,49.0
random_seq_2,3740,3840,48.0
random_seq_2,3750,3850,45.0
random_seq_2,3760,3860,48.0
random_seq_2,3770,3870,51.0
random_seq_2,3780,3880,51.0
random_seq_2,3790,3890,54.0
random_seq_2,3800,3900,59.0
random_seq_2,3810,3910,61.0
random_seq_2,3820,3920,60.0
random_seq_2,3830,3930,58.0
random_seq_2,3840,3940,58.0
random_seq_2,3850,3950,58.0
random_seq_2,3860,3960,59.0
random_seq_2,3870,3970,57.0
random_seq_2,3880,3980,58.0
random_seq_2,3890,3990,56.0
random_seq_2,3900,4000,55.0
random_seq_3,0,100,53.0
random_seq_3,10,110,54.0
random_seq_3,20,120,54.0
random_seq_3,30,130,56.0
random_seq_3,40,140,58.0
random_seq_3,50,150,61.0
random_seq_3,60,160,57.0
random_seq_3,70,170,54.0
random_seq_3,80,180,56.0
random_seq_3,90,190,53.0
random_seq_3,100,200,52.0
random_seq_3,110,210,52.0
random_seq_3,120,220,52.0
random_seq_3,130,230,54.0
random_seq_3,140,240,52.0
random_seq_3,150,250,51.0
random_seq_3,160,260,54.0
random_seq_3,170,270,59.0
random_seq_3,180,280,58.0
random_seq_3,190,290,58.0
random_seq_3,200,300,59.0
random_seq_3,210,310,58.0
random_seq_3,220,320,57.0
random_seq_3,230,330,55.0
random_seq_3,240,340,54.0
random_seq_3,250,350,50.0
random_seq_3,260,360,52.0
random_seq_3,270,370,48.0
random_seq_3,280,380,47.0
random_seq_3,290,390,48.0
random_seq_3,300,400,46.0
random_seq_3,310,410,46.0
random_seq_3,320,420,45.0
random_seq_3,330,430,44.0
random_seq_3,340,440,45.0
random_seq_3,350,450,47.0
random_seq_3,360,460,45.0
random_seq_3,370,470,45.0
random_seq_3,380,480,45.0
random_seq_3,390,490,46.0
random_seq_3,400,500,47.0
random_seq_3,410,510,48.0
random_seq_3,420,520,48.0
random_seq_3,430,530,49.0
random_seq_3,440,540,48.0
random_seq_3,450,550,51.0
random_seq_3,460,560,52.0
random_seq_3,470,570,53.0
random_seq_3,480,580,53.0
random_seq_3,490,590,53.0
random_seq_3,500,600,56.0
random_seq_3,510,610,53.0
random_seq_3,520,620,54.0
random_seq_3,530,630,52.0
random_seq_3,540,640,53.0
random_seq_3,550,650,51.0
random_seq_3,560,660,49.0
random_seq_3,570,670,51.0
random_seq_3,580,680,49.0
random_seq_3,590,690,48.0
random_seq_3,600,700,44.0
random_seq_3,610,710,46.0
random_seq_3,620,720,47.0
random_seq_3,630,730,51.0
random_seq_3,640,740,52.0
random_seq_3,650,750,50.0
random_seq_3,660,760,50.0
random_seq_3,670,770,48.0
random_seq_3,680,780,49.0
random_seq_3,690,790,49.0
random_seq_3,700,800,51.0
random_seq_3,710,810,52.0
random_seq_3,720,820,50.0
random_seq_3,730,830,49.0
random_seq_3,740,840,47.0
random_seq_3,750,850,48.0
random_seq_3,760,860,51.0
random_seq_3,770,870,49.0
random_seq_3,780,880,50.0
random_seq_3,790,890,52.0
random_seq_3,800,900,53.0
random_seq_3,810,910,51.0
random_seq_3,820,920,51.0
random_seq_3,830,930,51.0
random_seq_3,840,940,52.0
random_seq_3,850,950,50.0
random_seq_3,860,960,47.0
random_seq_3,870,970,50.0
random_seq_3,880,980,52.0
random_seq_3,890,990,50.0
random_seq_3,900,1000,48.0
random_seq_3,910,1010,50.0
random_seq_3,920,1020,52.0
random_seq_3,930,1030,51.0
random_seq_3,940,1040,50.0
random_seq_3,950,1050,51.0
random_seq_3,960,1060,52.0
random_seq_3,970,1070,49.0
random_seq_3,980,1080,49.0
random_seq_3,990,1090,52.0
random_seq_3,1000,1100,52.0
random_seq_3,1010,1110,50.0
random_seq_3,1020,1120,50.0
random_seq_3,1030,1130,52.0
random_seq_3,1040,1140,52.0
random_seq_3,1050,1150,54.0
random_seq_3,1060,1160,53.0
random_seq_3,1070,1170,57.0
random_seq_3,1080,1180,57.0
random_seq_3,1090,1190,56.0
random_seq_3,1100,1200,55.0
random_seq_3,1110,1210,55.0
random_seq_3,1120,1220,54.0
random_seq_3,1130,1230,52.0
random_seq_3,1140,1240,53.0
random_seq_3,1150,1250,53.0
random_seq_3,1160,1260,51.0
random_seq_3,1170,1270,50.0
random_seq_3,1180,1280,47.0
random_seq_3,1190,1290,50.0
random_seq_3,1200,1300,52.0
random_seq_3,1210,1310,50.0
random_seq_3,1220,1320,49.0
random_seq_3,1230,1330,50.0
random_seq_3,1240,1340,48.0
random_seq_3,1250,1350,51.0
random_seq_3,1260,1360,52.0
random_seq_3,1270,1370,51.0
random_seq_3,1280,1380,54.0
random_seq_3,1290,1390,51.0
random_seq_3,1300,1400,50.0
random_seq_3,1310,1410,54.0
random_seq_3,1320,1420,54.0
random_seq_3,1330,1430,53.0
random_seq_3,1340,1440,55.0
random_seq_3,1350,1450,55.0
random_seq_3,1360,1460,56.0
random_seq_3,1370,1470,54.0
random_seq_3,1380,1480,49.0
random_seq_3,1390,1490,46.0
random_seq_3,1400,1500,46.0
random_seq_3,1410,1510,47.0
random_seq_3,1420,1520,49.0
random_seq_3,1430,1530,51.0
random_seq_3,1440,1540,52.0
random_seq_3,1450,1550,48.0
random_seq_3,1460,1560,48.0
random_seq_3,1470,1570,50.0
random_seq_3,1480,1580,53.0
random_seq_3,1490,1590,56.0
random_seq_3,1500,1600,54.0
random_seq_3,1510,1610,53.0
random_seq_3,1520,1620,50.0
random_seq_3,1530,1630,47.0
random_seq_3,1540,1640,47.0
random_seq_3,1550,1650,45.0
random_seq_3,1560,1660,43.0
random_seq_3,1570,1670,42.0
random_seq_3,1580,1680,43.0
random_seq_3,1590,1690,40.0
random_seq_3,1600,1700,42.0
random_seq_3,1610,1710,43.0
random_seq_3,1620,1720,46.0
random_seq_3,1630,1730,46.0
random_seq_3,1640,1740,44.0
random_seq_3,1650,1750,44.0
random_seq_3,1660,1760,46.0
random_seq_3,1670,1770,44.0
random_seq_3,1680,1780,43.0
random_seq_3,1690,1790,47.0
random_seq_3,1700,1800,48.0
random_seq_3,1710,1810,44.0
random_seq_3,1720,1820,41.0
random_seq_3,1730,1830,43.0
random_seq_3,1740,1840,42.0
random_seq_3,1750,1850,42.0
random_seq_3,1760,1860,43.0
random_seq_3,1770,1870,48.0
random_seq_3,1780,1880,49.0
random_seq_3,1790,1890,44.0
random_seq_3,1800,1900,45.0
random_seq_3,1810,1910,48.0
random_seq_3,1820,1920,48.0
random_seq_3,1830,1930,48.0
random_seq_3,1840,1940,51.0
random_seq_3,1850,1950,56.0
random_seq_3,1860,1960,54.0
random_seq_3,1870,1970,51.0
random_seq_3,1880,1980,48.0
random_seq_3,1890,1990,50.0
random_seq_3,1900,2000,47.0
random_seq_3,1910,2010,45.0
random_seq_3,1920,2020,47.0
random_seq_3,1930,2030,45.0
random_seq_3,1940,2040,41.0
random_seq_3,1950,2050,39.0
random_seq_3,1960,2060,45.0
random_seq_3,1970,2070,47.0
random_seq_3,1980,2080,49.0
random_seq_3,1990,2090,49.0
random_seq_3,2000,2100,53.0
random_seq_3,2010,2110,54.0
random_seq_3,2020,2120,52.0
random_seq_3,2030,2130,54.0
random_seq_3,2040,2140,58.0
random_seq_3,2050,2150,57.0
random_seq_3,2060,2160,55.0
random_seq_3,2070,2170,54.0
random_seq_3,2080,2180,56.0
random_seq_3,2090,2190,55.0
random_seq_3,2100,2200,55.0
random_seq_3,2110,2210,53.0
random_seq_3,2120,2220,54.0
random_seq_3,2130,2230,56.0
random_seq_3,2140,2240,55.0
random_seq_3,2150,2250,55.0
random_seq_3,2160,2260,53.0
random_seq_3,2170,2270,53.0
random_seq_3,2180,2280,48.0
random_seq_3,2190,2290,51.0
random_seq_3,2200,2300,45.0
random_seq_3,2210,2310,46.0
random_seq_3,2220,2320,48.0
random_seq_3,2230,2330,47.0
random_seq_3,2240,2340,44.0
random_seq_3,2250,2350,42.0
random_seq_3,2260,2360,41.0
random_seq_3,2270,2370,42.0
random_seq_3,2280,2380,43.0
random_seq_3,2290,2390,42.0
random_seq_3,2300,2400,44.0
random_seq_3,2310,2410,48.0
random_seq_3,2320,2420,48.0
random_seq_3,2330,2430,47.0
random_seq_3,2340,2440,48.0
random_seq_3,2350,2450,52.0
random_seq_3,2360,2460,53.0
random_seq_3,2370,2470,55.0
random_seq_3,2380,2480,57.0
random_seq_3,2390,2490,58.0
random_seq_3,2400,2500,56.0
random_seq_3,2410,2510,53.0
random_seq_3,2420,2520,52.0
random_seq_3,2430,2530,53.0
random_seq_3,2440,2540,55.0
random_seq_3,2450,2550,50.0
random_seq_3,2460,2560,53.0
random_seq_3,2470,2570,52.0
random_seq_3,2480,2580,50.0
random_seq_3,2490,2590,49.0
random_seq_3,2500,2600,55.0
random_seq_3,2510,2610,57.0
random_seq_3,2520,2620,58.0
random_seq_3,2530,2630,57.0
random_seq_3,2540,2640,56.0
random_seq_3,2550,2650,61.0
random_seq_3,2560,2660,59.0
random_seq_3,2570,2670,58.0
random_seq_3,2580,2680,61.0
random_seq_3,2590,2690,61.0
random_seq_3,2600,2700,60.0
random_seq_3,2610,2710,57.0
random_seq_3,2620,2720,56.0
random_seq_3,2630,2730,56.0
random_seq_3,2640,2740,57.0
random_seq_3,2650,2750,55.0
random_seq_3,2660,2760,53.0
random_seq_3,2670,2770,53.0
random_seq_3,2680,2780,50.0
random_seq_3,2690,2790,50.0
random_seq_3,2700,2800,47.0
random_seq_3,2710,2810,46.0
random_seq_3,2720,2820,45.0
random_seq_3,2730,2830,44.0
random_seq_3,2740,2840,43.0
random_seq_3,2750,2850,42.0
random_seq_3,2760,2860,40.0
random_seq_3,2770,2870,38.0
random_seq_3,2780,2880,39.0
random_seq_3,2790,2890,39.0
random_seq_3,2800,2900,41.0
random_seq_3,2810,2910,44.0
random_seq_3,2820,2920,45.0
random_seq_3,2830,2930,46.0
random_seq_3,2840,2940,45.0
random_seq_3,2850,2950,47.0
random_seq_3,2860,2960,51.0
random_seq_3,2870,2970,51.0
random_seq_3,2880,2980,55.0
random_seq_3,2890,2990,54.0
random_seq_3,2900,3000,54.0
random_seq_3,2910,3010,52.0
random_seq_3,2920,3020,49.0
random_seq_3,2930,3030,50.0
random_seq_3,2940,3040,52.0
random_seq_3,2950,3050,50.0
random_seq_3,2960,3060,50.0
random_seq_3,2970,3070,49.0
random_seq_3,2980,3080,46.0
random_seq_3,2990,3090,43.0
random_seq_3,3000,3100,42.0
random_seq_3,3010,3110,42.0
random_seq_3,3020,3120,45.0
random_seq_3,3030,3130,43.0
random_seq_3,3040,3140,42.0
random_seq_3,3050,3150,43.0
random_seq_3,3060,3160,41.0
random_seq_3,3070,3170,40.0
random_seq_3,3080,3180,40.0
random_seq_3,3090,3190,45.0
random_seq_3,3100,3200,47.0
random_seq_3,3110,3210,47.0
random_seq_3,3120,3220,46.0
random_seq_3,3130,3230,47.0
random_seq_3,3140,3240,46.0
random_seq_3,3150,3250,46.0
random_seq_3,3160,3260,49.0
random_seq_3,3170,3270,52.0
random_seq_3,3180,3280,54.0
random_seq_3,3190,3290,53.0
random_seq_3,3200,3300,50.0
random_seq_3,3210,3310,53.0
random_seq_3,3220,3320,54.0
random_seq_3,3230,3330,54.0
random_seq_3,3240,3340,56.0
random_seq_3,3250,3350,55.0
random_seq_3,3260,3360,54.0
random_seq_3,3270,3370,55.0
random_seq_3,3280,3380,52.0
random_seq_3,3290,3390,53.0
random_seq_3,3300,3400,53.0
random_seq_3,3310,3410,49.0
random_seq_3,3320,3420,48.0
random_seq_3,3330,3430,49.0
random_seq_3,3340,3440,50.0
random_seq_3,3350,3450,50.0
random_seq_3,3360,3460,51.0
random_seq_3,3370,3470,52.0
random_seq_3,3380,3480,54.0
random_seq_3,3390,3490,54.0
random_seq_3,3400,3500,58.0
random_seq_3,3410,3510,60.0
random_seq_3,3420,3520,61.0
random_seq_3,3430,3530,57.0
random_seq_3,3440,3540,56.0
random_seq_3,3450,3550,60.0
random_seq_3,3460,3560,57.0
random_seq_3,3470,3570,56.0
random_seq_3,3480,3580,56.0
random_seq_3,3490,3590,56.0
random_seq_3,3500,3600,52.0
random_seq_3,3510,3610,53.0
random_seq_3,3520,3620,54.0
random_seq_3,3530,3630,55.0
random_seq_3,3540,3640,55.0
random_seq_3,3550,3650,49.0
random_seq_3,3560,3660,51.0
random_seq_3,3570,3670,49.0
random_seq_3,3580,3680,48.0
random_seq_3,3590,3690,45.0
random_seq_3,3600,3700,44.0
random_seq_3,3610,3710,44.0
random_seq_3,3620,3720,43.0
random_seq_3,3630,3730,44.0
random_seq_3,3640,3740,46.0
random_seq_3,3650,3750,50.0
random_seq_3,3660,3760,50.0
random_seq_3,3670,3770,52.0
random_seq_3,3680,3780,52.0
random_seq_3,3690,3790,54.0
random_seq_3,3700,3800,56.0
random_seq_3,3710,3810,55.0
random_seq_3,3720,3820,54.0
random_seq_3,3730,3830,55.0
random_seq_3,3740,3840,51.0
random_seq_3,3750,3850,51.0
random_seq_3,3760,3860,49.0
random_seq_3,3770,3870,47.0
random_seq_3,3780,3880,46.0
random_seq_3,3790,3890,49.0
random_seq_3,3800,3900,53.0
random_seq_3,3810,3910,54.0
random_seq_3,3820,3920,58.0
random_seq_3,3830,3930,55.0
random_seq_3,3840,3940,56.0
random_seq_3,3850,3950,55.0
random_seq_3,3860,3960,56.0
random_seq_3,3870,3970,56.0
random_seq_3,3880,3980,58.0
random_seq_3,3890,3990,55.0
random_seq_3,3900,4000,51.0
random_seq_4,0,100,47.0
random_seq_4,10,110,48.0
random_seq_4,20,120,46.0
random_seq_4,30,130,47.0
random_seq_4,40,140,47.0
random_seq_4,50,150,45.0
random_seq_4,60,160,43.0
random_seq_4,70,170,46.0
random_seq_4,80,180,46.0
random_seq_4,90,190,46.0
random_seq_4,100,200,46.0
random_seq_4,110,210,44.0
random_seq_4,120,220,46.0
random_seq_4,130,230,47.0
random_seq_4,140,240,48.0
random_seq_4,150,250,49.0
random_seq_4,160,260,50.0
random_seq_4,170,270,51.0
random_seq_4,180,280,48.0
random_seq_4,190,290,45.0
random_seq_4,200,300,47.0
random_seq_4,210,310,50.0
random_seq_4,220,320,51.0
random_seq_4,230,330,51.0
random_seq_4,240,340,52.0
random_seq_4,250,350,53.0
random_seq_4,260,360,50.0
random_seq_4,270,370,49.0
random_seq_4,280,380,48.0
random_seq_4,290,390,47.0
random_seq_4,300,400,52.0
random_seq_4,310,410,48.0
random_seq_4,320,420,46.0
random_seq_4,330,430,48.0
random_seq_4,340,440,46.0
random_seq_4,350,450,46.0
random_seq_4,360,460,51.0
random_seq_4,370,470,49.0
random_seq_4,380,480,51.0
random_seq_4,390,490,55.0
random_seq_4,400,500,50.0
random_seq_4,410,510,53.0
random_seq_4,420,520,51.0
random_seq_4,430,530,50.0
random_seq_4,440,540,55.0
random_seq_4,450,550,54.0
random_seq_4,460,560,51.0
random_seq_4,470,570,51.0
random_seq_4,480,580,51.0
random_seq_4,490,590,49.0
random_seq_4,500,600,48.0
random_seq_4,510,610,49.0
random_seq_4,520,620,54.0
random_seq_4,530,630,54.0
random_seq_4,540,640,47.0
random_seq_4,550,650,49.0
random_seq_4,560,660,50.0
random_seq_4,570,670,52.0
random_seq_4,580,680,56.0
random_seq_4,590,690,58.0
random_seq_4,600,700,58.0
random_seq_4,610,710,56.0
random_seq_4,620,720,53.0
random_seq_4,630,730,49.0
random_seq_4,640,740,53.0
random_seq_4,650,750,52.0
random_seq_4,660,760,54.0
random_seq_4,670,770,53.0
random_seq_4,680,780,50.0
random_seq_4,690,790,47.0
random_seq_4,700,800,46.0
random_seq_4,710,810,46.0
random_seq_4,720,820,49.0
random_seq_4,730,830,49.0
random_seq_4,740,840,50.0
random_seq_4,750,850,48.0
random_seq_4,760,860,46.0
random_seq_4,770,870,46.0
random_seq_4,780,880,44.0
random_seq_4,790,890,45.0
random_seq_4,800,900,48.0
random_seq_4,810,910,45.0
random_seq_4,820,920,45.0
random_seq_4,830,930,49.0
random_seq_4,840,940,47.0
random_seq_4,850,950,49.0
random_seq_4,860,960,48.0
random_seq_4,870,970,47.0
random_seq_4,880,980,49.0
random_seq_4,890,990,47.0
random_seq_4,900,1000,44.0
random_seq_4,910,1010,45.0
random_seq_4,920,1020,43.0
random_seq_4,930,1030,42.0
random_seq_4,940,1040,45.0
random_seq_4,950,1050,46.0
random_seq_4,960,1060,45.0
random_seq_4,970,1070,44.0
random_seq_4,980,1080,43.0
random_seq_4,990,1090,47.0
random_seq_4,1000,1100,50.0
random_seq_4,1010,1110,53.0
random_seq_4,1020,1120,54.0
random_seq_4,1030,1130,52.0
random_seq_4,1040,1140,52.0
random_seq_4,1050,1150,52.0
random_seq_4,1060,1160,52.0
random_seq_4,1070,1170,53.0
random_seq_4,1080,1180,52.0
random_seq_4,1090,1190,52.0
random_seq_4,1100,1200,52.0
random_seq_4,1110,1210,52.0
random_seq_4,1120,1220,53.0
random_seq_4,1130,1230,57.0
random_seq_4,1140,1240,58.0
random_seq_4,1150,1250,56.0
random_seq_4,1160,1260,56.0
random_seq_4,1170,1270,56.0
random_seq_4,1180,1280,56.0
random_seq_4,1190,1290,54.0
random_seq_4,1200,1300,53.0
random_seq_4,1210,1310,55.0
random_seq_4,1220,1320,55.0
random_seq_4,1230,1330,51.0
random_seq_4,1240,1340,50.0
random_seq_4,1250,1350,50.0
random_seq_4,1260,1360,53.0
random_seq_4,1270,1370,53.0
random_seq_4,1280,1380,53.0
random_seq_4,1290,1390,52.0
random_seq_4,1300,1400,52.0
random_seq_4,1310,1410,48.0
random_seq_4,1320,1420,45.0
random_seq_4,1330,1430,45.0
random_seq_4,1340,1440,42.0
random_seq_4,1350,1450,46.0
random_seq_4,1360,1460,44.0
random_seq_4,1370,1470,46.0
random_seq_4,1380,1480,44.0
random_seq_4,1390,1490,47.0
random_seq_4,1400,1500,49.0
random_seq_4,1410,1510,49.0
random_seq_4,1420,1520,50.0
random_seq_4,1430,1530,54.0
random_seq_4,1440,1540,56.0
random_seq_4,1450,1550,56.0
random_seq_4,1460,1560,58.0
random_seq_4,1470,1570,55.0
random_seq_4,1480,1580,61.0
random_seq_4,1490,1590,61.0
random_seq_4,1500,1600,59.0
random_seq_4,1510,1610,61.0
random_seq_4,1520,1620,60.0
random_seq_4,1530,1630,60.0
random_seq_4,1540,1640,61.0
random_seq_4,1550,1650,57.0
random_seq_4,1560,1660,55.0
random_seq_4,1570,1670,57.0
random_seq_4,1580,1680,53.0
random_seq_4,1590,1690,55.0
random_seq_4,1600,1700,55.0
random_seq_4,1610,1710,53.0
random_seq_4,1620,1720,55.0
random_seq_4,1630,1730,52.0
random_seq_4,1640,1740,51.0
random_seq_4,1650,1750,51.0
random_seq_4,1660,1760,51.0
random_seq_4,1670,1770,49.0
random_seq_4,1680,1780,50.0
random_seq_4,1690,1790,46.0
random_seq_4,1700,1800,48.0
random_seq_4,1710,1810,48.0
random_seq_4,1720,1820,47.0
random_seq_4,1730,1830,44.0
random_seq_4,1740,1840,45.0
random_seq_4,1750,1850,44.0
random_seq_4,1760,1860,43.0
random_seq_4,1770,1870,45.0
random_seq_4,1780,1880,44.0
random_seq_4,1790,1890,47.0
random_seq_4,1800,1900,47.0
random_seq_4,1810,1910,45.0
random_seq_4,1820,1920,47.0
random_seq_4,1830,1930,52.0
random_seq_4,1840,1940,52.0
random_seq_4,1850,1950,53.0
random_seq_4,1860,1960,53.0
random_seq_4,1870,1970,51.0
random_seq_4,1880,1980,51.0
random_seq_4,1890,1990,50.0
random_seq_4,1900,2000,49.0
random_seq_4,1910,2010,53.0
random_seq_4,1920,2020,48.0
random_seq_4,1930,2030,45.0
random_seq_4,1940,2040,44.0
random_seq_4,1950,2050,45.0
random_seq_4,1960,2060,47.0
random_seq_4,1970,2070,51.0
random_seq_4,1980,2080,52.0
random_seq_4,1990,2090,52.0
random_seq_4,2000,2100,53.0
random_seq_4,2010,2110,51.0
random_seq_4,2020,2120,51.0
random_seq_4,2030,2130,54.0
random_seq_4,2040,2140,51.0
random_seq_4,2050,2150,51.0
random_seq_4,2060,2160,50.0
random_seq_4,2070,2170,48.0
random_seq_4,2080,2180,48.0
random_seq_4,2090,2190,50.0
random_seq_4,2100,2200,49.0
random_seq_4,2110,2210,50.0
random_seq_4,2120,2220,51.0
random_seq_4,2130,2230,48.0
random_seq_4,2140,2240,55.0
random_seq_4,2150,2250,52.0
random_seq_4,2160,2260,50.0
random_seq_4,2170,2270,52.0
random_seq_4,2180,2280,51.0
random_seq_4,2190,2290,47.0
random_seq_4,2200,2300,45.0
random_seq_4,2210,2310,44.0
random_seq_4,2220,2320,47.0
random_seq_4,2230,2330,52.0
random_seq_4,2240,2340,47.0
random_seq_4,2250,2350,50.0
random_seq_4,2260,2360,50.0
random_seq_4,2270,2370,48.0
random_seq_4,2280,2380,49.0
random_seq_4,2290,2390,54.0
random_seq_4,2300,2400,54.0
random_seq_4,2310,2410,54.0
random_seq_4,2320,2420,54.0
random_seq_4,2330,2430,51.0
random_seq_4,2340,2440,52.0
random_seq_4,2350,2450,53.0
random_seq_4,2360,2460,58.0
random_seq_4,2370,2470,57.0
random_seq_4,2380,2480,57.0
random_seq_4,2390,2490,56.0
random_seq_4,2400,2500,56.0
random_seq_4,2410,2510,54.0
random_seq_4,2420,2520,54.0
random_seq_4,2430,2530,56.0
random_seq_4,2440,2540,53.0
random_seq_4,2450,2550,50.0
random_seq_4,2460,2560,44.0
random_seq_4,2470,2570,47.0
random_seq_4,2480,2580,45.0
random_seq_4,2490,2590,45.0
random_seq_4,2500,2600,47.0
random_seq_4,2510,2610,51.0
random_seq_4,2520,2620,51.0
random_seq_4,2530,2630,48.0
random_seq_4,2540,2640,47.0
random_seq_4,2550,2650,49.0
random_seq_4,2560,2660,49.0
random_seq_4,2570,2670,46.0
random_seq_4,2580,2680,47.0
random_seq_4,2590,2690,44.0
random_seq_4,2600,2700,44.0
random_seq_4,2610,2710,40.0
random_seq_4,2620,2720,39.0
random_seq_4,2630,2730,38.0
random_seq_4,2640,2740,42.0
random_seq_4,2650,2750,45.0
random_seq_4,2660,2760,44.0
random_seq_4,2670,2770,44.0
random_seq_4,2680,2780,46.0
random_seq_4,2690,2790,47.0
random_seq_4,2700,2800,44.0
random_seq_4,2710,2810,46.0
random_seq_4,2720,2820,48.0
random_seq_4,2730,2830,52.0
random_seq_4,2740,2840,51.0
random_seq_4,2750,2850,50.0
random_seq_4,2760,2860,55.0
random_seq_4,2770,2870,55.0
random_seq_4,2780,2880,55.0
random_seq_4,2790,2890,54.0
random_seq_4,2800,2900,55.0
random_seq_4,2810,2910,58.0
random_seq_4,2820,2920,57.0
random_seq_4,2830,2930,57.0
random_seq_4,2840,2940,57.0
random_seq_4,2850,2950,55.0
random_seq_4,2860,2960,54.0
random_seq_4,2870,2970,55.0
random_seq_4,2880,2980,54.0
random_seq_4,2890,2990,52.0
random_seq_4,2900,3000,52.0
random_seq_4,2910,3010,47.0
random_seq_4,2920,3020,46.0
random_seq_4,2930,3030,43.0
random_seq_4,2940,3040,43.0
random_seq_4,2950,3050,42.0
random_seq_4,2960,3060,40.0
random_seq_4,2970,3070,44.0
random_seq_4,2980,3080,44.0
random_seq_4,2990,3090,48.0
random_seq_4,3000,3100,48.0
random_seq_4,3010,3110,50.0
random_seq_4,3020,3120,49.0
random_seq_4,3030,3130,50.0
random_seq_4,3040,3140,51.0
random_seq_4,3050,3150,50.0
random_seq_4,3060,3160,50.0
random_seq_4,3070,3170,46.0
random_seq_4,3080,3180,44.0
random_seq_4,3090,3190,41.0
random_seq_4,3100,3200,44.0
random_seq_4,3110,3210,45.0
random_seq_4,3120,3220,48.0
random_seq_4,3130,3230,49.0
random_seq_4,3140,3240,48.0
random_seq_4,3150,3250,48.0
random_seq_4,3160,3260,48.0
random_seq_4,3170,3270,48.0
random_seq_4,3180,3280,51.0
random_seq_4,3190,3290,53.0
random_seq_4,3200,3300,51.0
random_seq_4,3210,3310,50.0
random_seq_4,3220,3320,47.0
random_seq_4,3230,3330,44.0
random_seq_4,3240,3340,43.0
random_seq_4,3250,3350,43.0
random_seq_4,3260,3360,46.0
random_seq_4,3270,3370,45.0
random_seq_4,3280,3380,45.0
random_seq_4,3290,3390,44.0
random_seq_4,3300,3400,46.0
random_seq_4,3310,3410,49.0
random_seq_4,3320,3420,53.0
random_seq_4,3330,3430,56.0
random_seq_4,3340,3440,58.0
random_seq_4,3350,3450,60.0
random_seq_4,3360,3460,58.0
random_seq_4,3370,3470,59.0
random_seq_4,3380,3480,59.0
random_seq_4,3390,3490,59.0
random_seq_4,3400,3500,57.0
random_seq_4,3410,3510,57.0
random_seq_4,3420,3520,52.0
random_seq_4,3430,3530,54.0
random_seq_4,3440,3540,55.0
random_seq_4,3450,3550,57.0
random_seq_4,3460,3560,58.0
random_seq_4,3470,3570,59.0
random_seq_4,3480,3580,59.0
random_seq_4,3490,3590,59.0
random_seq_4,3500,3600,58.0
random_seq_4,3510,3610,56.0
random_seq_4,3520,3620,57.0
random_seq_4,3530,3630,56.0
random_seq_4,3540,3640,54.0
random_seq_4,3550,3650,54.0
random_seq_4,3560,3660,56.0
random_seq_4,3570,3670,55.0
random_seq_4,3580,3680,54.0
random_seq_4,3590,3690,55.0
random_seq_4,3600,3700,56.0
random_seq_4,3610,3710,58.0
random_seq_4,3620,3720,57.0
random_seq_4,3630,3730,54.0
random_seq_4,3640,3740,53.0
random_seq_4,3650,3750,53.0
random_seq_4,3660,3760,48.0
random_seq_4,3670,3770,47.0
random_seq_4,3680,3780,48.0
random_seq_4,3690,3790,49.0
random_seq_4,3700,3800,49.0
random_seq_4,3710,3810,46.0
random_seq_4,3720,3820,47.0
random_seq_4,3730,3830,47.0
random_seq_4,3740,3840,51.0
random_seq_4,3750,3850,49.0
random_seq_4,3760,3860,55.0
random_seq_4,3770,3870,58.0
random_seq_4,3780,3880,55.0
random_seq_4,3790,3890,54.0
random_seq_4,3800,3900,55.0
random_seq_4,3810,3910,58.0
random_seq_4,3820,3920,60.0
random_seq_4,3830,3930,61.0
random_seq_4,3840,3940,60.0
random_seq_4,3850,3950,59.0
random_seq_4,3860,3960,56.0
random_seq_4,3870,3970,51.0
random_seq_4,3880,3980,53.0
random_seq_4,3890,3990,52.0
random_seq_4,3900,4000,53.0
random_seq_5,0,100,35.0
random_seq_5,10,110,37.0
random_seq_5,20,120,36.0
random_seq_5,30,130,35.0
random_seq_5,40,140,38.0
random_seq_5,50,150,40.0
random_seq_5,60,160,41.0
random_seq_5,70,170,40.0
random_seq_5,80,180,46.0
random_seq_5,90,190,45.0
random_seq_5,100,200,45.0
random_seq_5,110,210,47.0
random_seq_5,120,220,51.0
random_seq_5,130,230,51.0
random_seq_5,140,240,50.0
random_seq_5,150,250,47.0
random_seq_5,160,260,48.0
random_seq_5,170,270,52.0
random_seq_5,180,280,49.0
random_seq_5,190,290,49.0
random_seq_5,200,300,47.0
random_seq_5,210,310,46.0
random_seq_5,220,320,44.0
random_seq_5,230,330,42.0
random_seq_5,240,340,44.0
random_seq_5,250,350,47.0
random_seq_5,260,360,47.0
random_seq_5,270,370,48.0
random_seq_5,280,380,47.0
random_seq_5,290,390,49.0
random_seq_5,300,400,52.0
random_seq_5,310,410,53.0
random_seq_5,320,420,51.0
random_seq_5,330,430,52.0
random_seq_5,340,440,51.0
random_seq_5,350,450,49.0
random_seq_5,360,460,50.0
random_seq_5,370,470,47.0
random_seq_5,380,480,51.0
random_seq_5,390,490,52.0
random_seq_5,400,500,56.0
random_seq_5,410,510,57.0
random_seq_5,420,520,57.0
random_seq_5,430,530,57.0
random_seq_5,440,540,59.0
random_seq_5,450,550,59.0
random_seq_5,460,560,58.0
random_seq_5,470,570,57.0
random_seq_5,480,580,53.0
random_seq_5,490,590,51.0
random_seq_5,500,600,47.0
random_seq_5,510,610,46.0
random_seq_5,520,620,49.0
random_seq_5,530,630,51.0
random_seq_5,540,640,49.0
random_seq_5,550,650,47.0
random_seq_5,560,660,44.0
random_seq_5,570,670,46.0
random_seq_5,580,680,48.0
random_seq_5,590,690,48.0
random_seq_5,600,700,48.0
random_seq_5,610,710,47.0
random_seq_5,620,720,45.0
random_seq_5,630,730,44.0
random_seq_5,640,740,44.0
random_seq_5,650,750,47.0
random_seq_5,660,760,51.0
random_seq_5,670,770,51.0
random_seq_5,680,780,52.0
random_seq_5,690,790,50.0
random_seq_5,700,800,52.0
random_seq_5,710,810,52.0
random_seq_5,720,820,54.0
random_seq_5,730,830,54.0
random_seq_5,740,840,57.0
random_seq_5,750,850,55.0
random_seq_5,760,860,54.0
random_seq_5,770,870,49.0
random_seq_5,780,880,49.0
random_seq_5,790,890,52.0
random_seq_5,800,900,53.0
random_seq_5,810,910,52.0
random_seq_5,820,920,49.0
random_seq_5,830,930,50.0
random_seq_5,840,940,46.0
random_seq_5,850,950,49.0
random_seq_5,860,960,50.0
random_seq_5,870,970,53.0
random_seq_5,880,980,53.0
random_seq_5,890,990,51.0
random_seq_5,900,1000,49.0
random_seq_5,910,1010,48.0
random_seq_5,920,1020,47.0
random_seq_5,930,1030,45.0
random_seq_5,940,1040,42.0
random_seq_5,950,1050,38.0
random_seq_5,960,1060,37.0
random_seq_5,970,1070,35.0
random_seq_5,980,1080,33.0
random_seq_5,990,1090,35.0
random_seq_5,1000,1100,36.0
random_seq_5,1010,1110,36.0
random_seq_5,1020,1120,38.0
random_seq_5,1030,1130,40.0
random_seq_5,1040,1140,45.0
random_seq_5,1050,1150,49.0
random_seq_5,1060,1160,51.0
random_seq_5,1070,1170,53.0
random_seq_5,1080,1180,53.0
random_seq_5,1090,1190,53.0
random_seq_5,1100,1200,51.0
random_seq_5,1110,1210,55.0
random_seq_5,1120,1220,55.0
random_seq_5,1130,1230,54.0
random_seq_5,1140,1240,52.0
random_seq_5,1150,1250,49.0
random_seq_5,1160,1260,46.0
random_seq_5,1170,1270,49.0
random_seq_5,1180,1280,49.0
random_seq_5,1190,1290,46.0
random_seq_5,1200,1300,46.0
random_seq_5,1210,1310,45.0
random_seq_5,1220,1320,44.0
random_seq_5,1230,1330,45.0
random_seq_5,1240,1340,45.0
random_seq_5,1250,1350,46.0
random_seq_5,1260,1360,48.0
random_seq_5,1270,1370,47.0
random_seq_5,1280,1380,47.0
random_seq_5,1290,1390,52.0
random_seq_5,1300,1400,51.0
random_seq_5,1310,1410,48.0
random_seq_5,1320,1420,50.0
random_seq_5,1330,1430,48.0
random_seq_5,1340,1440,50.0
random_seq_5,1350,1450,49.0
random_seq_5,1360,1460,49.0
random_seq_5,1370,1470,47.0
random_seq_5,1380,1480,46.0
random_seq_5,1390,1490,42.0
random_seq_5,1400,1500,44.0
random_seq_5,1410,1510,44.0
random_seq_5,1420,1520,44.0
random_seq_5,1430,1530,47.0
random_seq_5,1440,1540,45.0
random_seq_5,1450,1550,47.0
random_seq_5,1460,1560,47.0
random_seq_5,1470,1570,49.0
random_seq_5,1480,1580,50.0
random_seq_5,1490,1590,51.0
random_seq_5,1500,1600,50.0
random_seq_5,1510,1610,54.0
random_seq_5,1520,1620,54.0
random_seq_5,1530,1630,52.0
random_seq_5,1540,1640,53.0
random_seq_5,1550,1650,53.0
random_seq_5,1560,1660,53.0
random_seq_5,1570,1670,54.0
random_seq_5,1580,1680,52.0
random_seq_5,1590,1690,53.0
random_seq_5,1600,1700,54.0
random_seq_5,1610,1710,52.0
random_seq_5,1620,1720,52.0
random_seq_5,1630,1730,55.0
random_seq_5,1640,1740,55.0
random_seq_5,1650,1750,53.0
random_seq_5,1660,1760,52.0
random_seq_5,1670,1770,48.0
random_seq_5,1680,1780,52.0
random_seq_5,1690,1790,52.0
random_seq_5,1700,1800,54.0
random_seq_5,1710,1810,55.0
random_seq_5,1720,1820,55.0
random_seq_5,1730,1830,50.0
random_seq_5,1740,1840,51.0
random_seq_5,1750,1850,50.0
random_seq_5,1760,1860,50.0
random_seq_5,1770,1870,54.0
random_seq_5,1780,1880,53.0
random_seq_5,1790,1890,54.0
random_seq_5,1800,1900,53.0
random_seq_5,1810,1910,54.0
random_seq_5,1820,1920,53.0
random_seq_5,1830,1930,54.0
random_seq_5,1840,1940,55.0
random_seq_5,1850,1950,58.0
random_seq_5,1860,1960,55.0
random_seq_5,1870,1970,55.0
random_seq_5,1880,1980,53.0
random_seq_5,1890,1990,50.0
random_seq_5,1900,2000,47.0
random_seq_5,1910,2010,45.0
random_seq_5,1920,2020,47.0
random_seq_5,1930,2030,46.0
random_seq_5,1940,2040,43.0
random_seq_5,1950,2050,45.0
random_seq_5,1960,2060,48.0
random_seq_5,1970,2070,47.0
random_seq_5,1980,2080,50.0
random_seq_5,1990,2090,54.0
random_seq_5,2000,2100,55.0
random_seq_5,2010,2110,55.0
random_seq_5,2020,2120,55.0
random_seq_5,2030,2130,60.0
random_seq_5,2040,2140,63.0
random_seq_5,2050,2150,59.0
random_seq_5,2060,2160,58.0
random_seq_5,2070,2170,60.0
random_seq_5,2080,2180,57.0
random_seq_5,2090,2190,57.0
random_seq_5,2100,2200,57.0
random_seq_5,2110,2210,60.0
random_seq_5,2120,2220,58.0
random_seq_5,2130,2230,55.0
random_seq_5,2140,2240,55.0
random_seq_5,2150,2250,55.0
random_seq_5,2160,2260,54.0
random_seq_5,2170,2270,53.0
random_seq_5,2180,2280,55.0
random_seq_5,2190,2290,51.0
random_seq_5,2200,2300,53.0
random_seq_5,2210,2310,51.0
random_seq_5,2220,2320,51.0
random_seq_5,2230,2330,47.0
random_seq_5,2240,2340,46.0
random_seq_5,2250,2350,49.0
random_seq_5,2260,2360,50.0
random_seq_5,2270,2370,48.0
random_seq_5,2280,2380,51.0
random_seq_5,2290,2390,48.0
random_seq_5,2300,2400,49.0
random_seq_5,2310,2410,47.0
random_seq_5,2320,2420,49.0
random_seq_5,2330,2430,55.0
random_seq_5,2340,2440,56.0
random_seq_5,2350,2450,54.0
random_seq_5,2360,2460,56.0
random_seq_5,2370,2470,56.0
random_seq_5,2380,2480,53.0
random_seq_5,2390,2490,58.0
random_seq_5,2400,2500,58.0
random_seq_5,2410,2510,59.0
random_seq_5,2420,2520,56.0
random_seq_5,2430,2530,55.0
random_seq_5,2440,2540,54.0
random_seq_5,2450,2550,53.0
random_seq_5,2460,2560,51.0
random_seq_5,2470,2570,52.0
random_seq_5,2480,2580,52.0
random_seq_5,2490,2590,51.0
random_seq_5,2500,2600,47.0
random_seq_5,2510,2610,45.0
random_seq_5,2520,2620,44.0
random_seq_5,2530,2630,43.0
random_seq_5,2540,2640,41.0
random_seq_5,2550,2650,45.0
random_seq_5,2560,2660,47.0
random_seq_5,2570,2670,46.0
random_seq_5,2580,2680,46.0
random_seq_5,2590,2690,44.0
random_seq_5,2600,2700,46.0
random_seq_5,2610,2710,44.0
random_seq_5,2620,2720,44.0
random_seq_5,2630,2730,44.0
random_seq_5,2640,2740,47.0
random_seq_5,2650,2750,43.0
random_seq_5,2660,2760,42.0
random_seq_5,2670,2770,43.0
random_seq_5,2680,2780,44.0
random_seq_5,2690,2790,46.0
random_seq_5,2700,2800,46.0
random_seq_5,2710,2810,53.0
random_seq_5,2720,2820,57.0
random_seq_5,2730,2830,57.0
random_seq_5,2740,2840,56.0
random_seq_5,2750,2850,57.0
random_seq_5,2760,2860,56.0
random_seq_5,2770,2870,56.0
random_seq_5,2780,2880,55.0
random_seq_5,2790,2890,53.0
random_seq_5,2800,2900,53.0
random_seq_5,2810,2910,51.0
random_seq_5,2820,2920,49.0
random_seq_5,2830,2930,51.0
random_seq_5,2840,2940,51.0
random_seq_5,2850,2950,53.0
random_seq_5,2860,2960,55.0
random_seq_5,2870,2970,55.0
random_seq_5,2880,2980,54.0
random_seq_5,2890,2990,54.0
random_seq_5,2900,3000,55.0
random_seq_5,2910,3010,56.0
random_seq_5,2920,3020,55.0
random_seq_5,2930,3030,55.0
random_seq_5,2940,3040,54.0
random_seq_5,2950,3050,51.0
random_seq_5,2960,3060,50.0
random_seq_5,2970,3070,47.0
random_seq_5,2980,3080,49.0
random_seq_5,2990,3090,47.0
random_seq_5,3000,3100,48.0
random_seq_5,3010,3110,46.0
random_seq_5,3020,3120,47.0
random_seq_5,3030,3130,45.0
random_seq_5,3040,3140,47.0
random_seq_5,3050,3150,49.0
random_seq_5,3060,3160,50.0
random_seq_5,3070,3170,53.0
random_seq_5,3080,3180,55.0
random_seq_5,3090,3190,60.0
random_seq_5,3100,3200,59.0
random_seq_5,3110,3210,61.0
random_seq_5,3120,3220,65.0
random_seq_5,3130,3230,65.0
random_seq_5,3140,3240,65.0
random_seq_5,3150,3250,64.0
random_seq_5,3160,3260,66.0
random_seq_5,3170,3270,64.0
random_seq_5,3180,3280,61.0
random_seq_5,3190,3290,58.0
random_seq_5,3200,3300,55.0
random_seq_5,3210,3310,53.0
random_seq_5,3220,3320,50.0
random_seq_5,3230,3330,49.0
random_seq_5,3240,3340,46.0
random_seq_5,3250,3350,46.0
random_seq_5,3260,3360,43.0
random_seq_5,3270,3370,44.0
random_seq_5,3280,3380,43.0
random_seq_5,3290,3390,45.0
random_seq_5,3300,3400,46.0
random_seq_5,3310,3410,48.0
random_seq_5,3320,3420,48.0
random_seq_5,3330,3430,45.0
random_seq_5,3340,3440,49.0
random_seq_5,3350,3450,51.0
random_seq_5,3360,3460,49.0
random_seq_5,3370,3470,49.0
random_seq_5,3380,3480,52.0
random_seq_5,3390,3490,52.0
random_seq_5,3400,3500,52.0
random_seq_5,3410,3510,48.0
random_seq_5,3420,3520,51.0
random_seq_5,3430,3530,51.0
random_seq_5,3440,3540,47.0
random_seq_5,3450,3550,46.0
random_seq_5,3460,3560,49.0
random_seq_5,3470,3570,48.0
random_seq_5,3480,3580,46.0
random_seq_5,3490,3590,45.0
random_seq_5,3500,3600,48.0
random_seq_5,3510,3610,49.0
random_seq_5,3520,3620,46.0
random_seq_5,3530,3630,49.0
random_seq_5,3540,3640,51.0
random_seq_5,3550,3650,48.0
random_seq_5,3560,3660,47.0
random_seq_5,3570,3670,48.0
random_seq_5,3580,3680,47.0
random_seq_5,3590,3690,46.0
random_seq_5,3600,3700,45.0
random_seq_5,3610,3710,48.0
random_seq_5,3620,3720,48.0
random_seq_5,3630,3730,48.0
random_seq_5,3640,3740,48.0
random_seq_5,3650,3750,50.0
random_seq_5,3660,3760,49.0
random_seq_5,3670,3770,49.0
random_seq_5,3680,3780,46.0
random_seq_5,3690,3790,47.0
random_seq_5,3700,3800,48.0
random_seq_5,3710,3810,43.0
random_seq_5,3720,3820,44.0
random_seq_5,3730,3830,47.0
random_seq_5,3740,3840,43.0
random_seq_5,3750,3850,43.0
random_seq_5,3760,3860,45.0
random_seq_5,3770,3870,46.0
random_seq_5,3780,3880,52.0
random_seq_5,3790,3890,53.0
random_seq_5,3800,3900,52.0
random_seq_5,3810,3910,55.0
random_seq_5,3820,3920,54.0
random_seq_5,3830,3930,50.0
random_seq_5,3840,3940,55.0
random_seq_5,3850,3950,53.0
random_seq_5,3860,3960,51.0
random_seq_5,3870,3970,50.0
random_seq_5,3880,3980,49.0
random_seq_5,3890,3990,48.0
random_seq_5,3900,4000,47.0
