seq_id	start	end	strand	frame	length	nt_seq	aa_seq
random_seq_1	353	590	+	+3	237	ATGGGGGTGATCTGCGTTGCGGTTCTAGCGTTCCCGGAAGGCACGGTAGCTGCAAAACGCCGTGAGCATCCTCATCCCACGCTTGACCCTAGTGCGGAACTACACAAGAGACCTGACCCTCCAGCGTCCTCCCAAGACCTCAGACTACCTTGTACGAGGCTTTCACGTAGACGCCCGTCGTTAAACTTGTACTGTAACGTTCACGTTGGTTTACGAGGCGAGTCGCGCGGTCTATAG	MGVICVAVLAFPEGTVAAKRREHPHPTLDPSAELHKRPDPPASSQDLRLPCTRLSRRRPSLNLYCNVHVGLRGESRGL
random_seq_7	41	254	+	+3	213	ATGATCTTACTGAGTCTACTCGATATCTTCTCTGCACACGAGGGGACTCATACGAATAGCGGCGGCGTCAAGCATGACTGGTTAGAACCTACTCCCGAGTCATATCAGGAGGGATCCTCAATCAATGTAAAACCAGCGGGTGTGTTGAGCTTAAATTGCAACATGCATGTTCGGCATATTCGGGTTGCTAGCGCCATAGGTCCGAGATGCTAA	MILLSLLDIFSAHEGTHTNSGGVKHDWLEPTPESYQEGSSINVKPAGVLSLNCNMHVRHIRVASAIGPRC
random_seq_8	384	660	-	-2	276	ATGCACAAACTGGGGTCTCTCTGTATATACGATAATAGTACATGGGAAGATAGGTCGACCTGGCTACTGGGCATGGGGTCCGAGGTGATGGGTCCTGACCAAAGGCGCCTTCTATTGATCAAACCACACCGTTGCGCAGTCTCACTGGGCAGGGCACGCATCTTTAGATTTATTGACCCAGCCCCGCTACACTCCACCAGCGATCAAAAGATATTCTTGGCTGTCAGGTGTTCATCTACTGTCCACGACGGTGCCGTCCGCACAACTGCCCCCTAA	MHKLGSLCIYDNSTWEDRSTWLLGMGSEVMGPDQRRLLLIKPHRCAVSLGRARIFRFIDPAPLHSTSDQKIFLAVRCSSTVHDGAVRTTAP
random_seq_8	63	267	-	-2	204	ATGAAGCGTAGCTACGTCACGTCGACAGAATCCTACTTGCTGAGAGAAGAGGCCACGATCCAGCTACTAGTCCATCTAGTATGGGGTACGATGGCTCCGAGTCTCAAATTAAGGTCCCATCAAGTGGTTGTCGGTACTGCGCATGGAATCTCGGTGCAACCGTTTCCAGGATGTCGGACACATCCGGCGTGGCGTGTGCAATAG	MKRSYVTSTESYLLREEATIQLLVHLVWGTMAPSLKLRSHQVVVGTAHGISVQPFPGCRTHPAWRVQ
random_seq_9	43	322	+	+2	279	ATGAGGAGGACGGCGACTTTGGGGTGGCCTCGACCGACTCAAATAGTGCATCAAGCTAAACTATCGGCGATATTTGCTCGTCCACGGTTAGAAAACCGACAATGGTGGGTCCAATTCGATAACCTTCTCCGCGTGCTAGAACCACTCTATCTTGAATGTGTAATGGCGTCCAGCGTATCACCGTTCCGTACTGAATGCACGACCGGTGTGACTCAGGATGTTCCGCAAAGACAAGTACTTGGGCGCTGTCACCGGCTCCTTCTGAAGTACCACGGTTAA	MRRTATLGWPRPTQIVHQAKLSAIFARPRLENRQWWVQFDNLLRVLEPLYLECVMASSVSPFRTECTTGVTQDVPQRQVLGRCHRLLLKYHG
random_seq_10	83	362	+	+3	279	ATGTTGTTTTCCAGCTATCTGGATGGTGAGAGCGACCAAGAAACACCGAAAAAAAGCGAAGGAATAAAGCCGAAGGTATTACTTATTAATAGTCCTGGAACAGTACTACTTCTACATTTGCGGCACCCACCTGAAGCTTATGTCAGTCAATATGAAAAAGTGTCAGGACCCTGCCCCTGCAACCAACTGGGCGTGGTACCGCTATATCGGTGCCAAAGTCATACGAACTGCCCGCCACCCGTTCATGAAACGACGTGGCGGCGTCATCTACGCGCATGA	MLFSSYLDGESDQETPKKSEGIKPKVLLINSPGTVLLLHLRHPPEAYVSQYEKVSGPCPCNQLGVVPLYRCQSHTNCPPPVHETTWRRHLRA
random_seq_10	493	727	-	-1	234	ATGGGGGATATACATAACTTAGGGTTGCTCGTTGTCACACCCCGACATAGCCTGGATGGGCTATGCCGTACCACGAAACTACCGTTCGCTCCCTTTATACAGAGACCATTTCGCAGGTGGAATTTAATCGTTAACGACACCAGCGTTGTTTGCGAGAAGGTATGCGGGAGAGCTGTGTACAGAACGAAAGGACAAGCAGTGCGGCCTCACAGCAAAGATTCATCCTTAAGCTGA	MGDIHNLGLLVVTPRHSLDGLCRTTKLPFAPFIQRPFRRWNLIVNDTSVVCEKVCGRAVYRTKGQAVRPHSKDSSLS
random_seq_13	100	349	-	-1	249	ATGAGTCCAACTCCAGGAGTAGGGCCTGTTTTAGCCATAGAACCTAGGGGGCCTATCTCGCATCTCCTTAATAGGTCTCCCTTATTGATTAAAGATACGGACCGAAAAGCGGCTCTCAATTTGAATCGTTCGGAGTGTTGTTTGGCAAAGGGGGATCCGAATCGGGCGCGAATCAAAGTTCAGGTGCGCGGGGTCATTCTCATCAATTCTTACATAGCGGAGGCCTACGAAACGCCAGTAAAGTTATAG	MSPTPGVGPVLAIEPRGPISHLLNRSPLLIKDTDRKAALNLNRSECCLAKGDPNRARIKVQVRGVILINSYIAEAYETPVKL
random_seq_15	670	877	-	-1	207	ATGGGGCGTTCCTCGACTAAGCCAACTCCCCGTCATCTATACCTCTTGAGATGCGGACATGTCGTACTGACGCGGTTACTCGTACAAGCAGCACGAACCACTACGGCCGACCCGGATCCTCGAATAACACCGTTATATACATCCAAATTCGGATTTTTTGTCCTTCCACTCCTGATGGGTTTTCTGCAACGAACTCCTGGGGTGTGA	MGRSSTKPTPRHLYLLRCGHVVLTRLLVQAARTTTADPDPRITPLYTSKFGFFVLPLLMGFLQRTPGV
random_seq_15	503	827	-	-3	324	ATGCGGACATGTCGTACTGACGCGGTTACTCGTACAAGCAGCACGAACCACTACGGCCGACCCGGATCCTCGAATAACACCGTTATATACATCCAAATTCGGATTTTTTGTCCTTCCACTCCTGATGGGTTTTCTGCAACGAACTCCTGGGGTGTGAAGTCGTCTTTACTAGTCTTTCGTAAAAACCATATCTACTCAGTCATTGTCGTCGCAATATGGTCGGACGGGTCAAATCGCGGTCACCTCCCGCACCTAATTGCGGGGGTATCCATAACTCTCTGTTTCTCAGGCTGCTTAAGATGGACGCGGACAACAACGCCGTAA	MRTCRTDAVTRTSSTNHYGRPGSSNNTVIYIQIRIFCPSTPDGFSATNSWGVKSSLLVFRKNHIYSVIVVAIWSDGSNRGHLPHLIAGVSITLCFSGCLRWTRTTTP
random_seq_20	354	600	-	-2	246	ATGTCCTATGAGGCGCCGACCAAGGTAGATCAAGGAGGAACAAAATATAGGTTCCTTCGTCCGTGGGGGCCAGCTGAACTACCGTTTGGTAATACGATGCATAATATTTTCAGAGGGTCGGACAAGTGCGAGAGAACATTTCGGTTCCCAGTAGTGACAGTACGTGTACCGGTTAGTCCCTTCGGACTTGCGATAAGCTGCATTTATAGCCAGTATTTTTCGATTGCGACGGCAAGTACATTATGA	MSYEAPTKVDQGGTKYRFLRPWGPAELPFGNTMHNIFRGSDKCERTFRFPVVTVRVPVSPFGLAISCIYSQYFSIATASTL
random_seq_24	787	991	-	-1	204	ATGAAACCCCCTGTGTTTGCCGGCCAGTTCCGGTGCGGTGTGGGTCGATTTACCCATTCTAAGATCTCCTCTCGGAAGGGGACCATCAGCTCTGACGACACTGCTGGCAATAAGTACGGCCCAGGATTTCTCAACATTCAGGTTTGCGTATTTAGATGGGGCGGGAAGTTAAGTTTGGTTTATCACAGCGACAACGGCCTTTAA	MKPPVFAGQFRCGVGRFTHSKISSRKGTISSDDTAGNKYGPGFLNIQVCVFRWGGKLSLVYHSDNGL
random_seq_28	674	920	+	+3	246	ATGAGCTATCTTAATGGAGCCGCTGGGTCGCTGTGCATCAATTGCCACGTGACACTTCATGAGCGCGAAGCCCCTCCCTGTCCAAGTCGTTTCGGTGTGAGCAACATGCCCTCCACCAAGTTCTCGCGCCTCACCCAGGGAGCGCACCCGTTGTGGTCGTTCGTGCCTACCGAGCTTACGGGTCTGGAACGTCTAATAAGGCGGGACACCCACTTTTTGCCCTCGGGGTCTACCTACGATCAGTAG	MSYLNGAAGSLCINCHVTLHEREAPPCPSRFGVSNMPSTKFSRLTQGAHPLWSFVPTELTGLERLIRRDTHFLPSGSTYDQ
random_seq_30	179	476	+	+3	297	ATGCAGGATGCGGGGAGCTACGATTTCCTTCACGCCCAGTCAACATCCGGTTCTCACTACTTACAAGGGTCTAGGATCACTAGCAACGTTAGTCTGGCGGCCAACATGGTTAAAACACCTACGGCTGAAACCAAAGAGGGTGCTCGCAGGACACAGCCCCGCGTAATTTACAGCAGCCGCACATCCCAGAGGAGGGTGGGATCCCCACTGCAGTATGATTCTCAGGCACAGTTGGCGCTCGTGGATAACACGAAGCTTGGGCTTCTGTTACGCGTTTGGGCGCAGAGGAGCGTCTAA	MQDAGSYDFLHAQSTSGSHYLQGSRITSNVSLAANMVKTPTAETKEGARRTQPRVIYSSRTSQRRVGSPLQYDSQAQLALVDNTKLGLLLRVWAQRSV
